{
  "lang":"en",
  "name":"pipeline",
  "version":"0.0.0",
  "spacy_version":">=3.7.2,<3.8.0",
  "description":"",
  "author":"",
  "email":"",
  "url":"",
  "license":"",
  "spacy_git_version":"a89eae928",
  "vectors":{
    "width":0,
    "vectors":0,
    "keys":0,
    "name":null,
    "mode":"default"
  },
  "labels":{
    "tok2vec":[

    ],
    "ner":[
      "DISH",
      "EQUIPMENT",
      "INGREDIENT"
    ]
  },
  "pipeline":[
    "tok2vec",
    "ner"
  ],
  "components":[
    "tok2vec",
    "ner"
  ],
  "disabled":[

  ],
  "performance":{
    "ents_f":0.5380821918,
    "ents_p":0.5817535545,
    "ents_r":0.500509684,
    "ents_per_type":{
      "DISH":{
        "p":0.4696969697,
        "r":0.2767857143,
        "f":0.3483146067
      },
      "INGREDIENT":{
        "p":0.6215277778,
        "r":0.6016806723,
        "f":0.6114432109
      },
      "EQUIPMENT":{
        "p":0.5220588235,
        "r":0.4382716049,
        "f":0.4765100671
      }
    },
    "tok2vec_loss":1369.0711394501,
    "ner_loss":2879.4812585404
  }
}